{
    "0": {
        "0": [-0.18180964030058797, -0.8762932429136996, -0.3408541177919261],
        "1": [-0.29458565362847805, -1.0712801225110322, -0.2702558849693043],
        "2": [-0.21184716204021525, -1.3508119140899615, -0.25122272883065677],
        "3": [0.03923235912005984, -0.8691279206489382, 0.10617502456192797],
        "4": [-0.13939621105290229, -1.038987820885625, 0.17945665123532958],
        "5": [-0.08049461324345736, -1.3217114753311408, 0.13551538469656435],
        "6": [-0.2735716444418015, -0.13173235450357884, -0.2569640647153008],
        "7": [-0.1189112717947751, -0.4698362253397304, -0.23377799445188543],
        "8": [-0.15457498634108977, -0.10559143856474039, 0.08616381956155542],
        "9": [-0.054574965251282324, -0.45878554257458487, -0.006359436588407725],
        "10": [-0.03400942485927795, -1.2426079539946853, -0.08574847402302176],
        "11": [-0.054068008731950536, -1.3263537547606021, -0.08402198820316911]
    },
    "1": {
        "0": [-0.17564664403422428, -0.8779043264496579, -0.3363570205729741],
        "1": [-0.29172435571824296, -1.0709231809900877, -0.2647198087957852],
        "2": [-0.2100489496759273, -1.3509891994826668, -0.24586017801004972],
        "3": [0.049886071341518214, -0.8732568542966233, 0.10321266159001012],
        "4": [-0.12944151977029125, -1.0389563657845995, 0.18418776253842414],
        "5": [-0.07432558193338461, -1.322575919796841, 0.13973654161964605],
        "6": [-0.27066215967143215, -0.13261354700876427, -0.25642461293069263],
        "7": [-0.11130316732937251, -0.4717184841281555, -0.23233517246376476],
        "8": [-0.15392337235256198, -0.10472715692613052, 0.0867641735619151],
        "9": [-0.05330278579660843, -0.4588527514399521, -0.0027862286052378945],
        "10": [-0.03203877433754584, -1.2422322879862608, -0.0815410752581566],
        "11": [-0.05133943065334968, -1.3261975550372294, -0.07982241210924634]
    }
}